[{"inputs":[{"internalType":"uint256","name":"controllerGasLimit","type":"uint256"}],"stateMutability":"nonpayable","type":"constructor"},{"inputs":[],"name":"AlreadyUnlocked","type":"error"},{"inputs":[],"name":"CurrenciesOutOfOrderOrEqual","type":"error"},{"inputs":[],"name":"CurrencyNotSettled","type":"error"},{"inputs":[],"name":"DelegateCallNotAllowed","type":"error"},{"inputs":[],"name":"InvalidCaller","type":"error"},{"inputs":[],"name":"InvalidProtocolFee","type":"error"},{"inputs":[],"name":"ManagerLocked","type":"error"},{"inputs":[],"name":"NonZeroNativeValue","type":"error"},{"inputs":[],"name":"PoolNotInitialized","type":"error"},{"inputs":[],"name":"ProtocolFeeCannotBeFetched","type":"error"},{"inputs":[],"name":"SwapAmountCannotBeZero","type":"error"},{"inputs":[],"name":"TickSpacingTooLarge","type":"error"},{"inputs":[],"name":"TickSpacingTooSmall","type":"error"},{"inputs":[],"name":"UnauthorizedDynamicLPFeeUpdate","type":"error"},{"anonymous":false,"inputs":[{"indexed":true,"internalType":"address","name":"owner","type":"address"},{"indexed":true,"internalType":"address","name":"spender","type":"address"},{"indexed":true,"internalType":"uint256","name":"id","type":"uint256"},{"indexed":false,"internalType":"uint256","name":"amount","type":"uint256"}],"name":"Approval","type":"event"},{"anonymous":false,"inputs":[{"indexed":false,"internalType":"PoolId","name":"id","type":"bytes32"},{"indexed":true,"internalType":"Currency","name":"currency0","type":"address"},{"indexed":true,"internalType":"Currency","name":"currency1","type":"address"},{"indexed":false,"internalType":"uint24","name":"fee","type":"uint24"},{"indexed":false,"internalType":"int24","name":"tickSpacing","type":"int24"},{"indexed":false,"internalType":"contract IHooks","name":"hooks","type":"address"}],"name":"Initialize","type":"event"},{"anonymous":false,"inputs":[{"indexed":true,"internalType":"PoolId","name":"id","type":"bytes32"},{"indexed":true,"internalType":"address","name":"sender","type":"address"},{"indexed":false,"internalType":"int24","name":"tickLower","type":"int24"},{"indexed":false,"internalType":"int24","name":"tickUpper","type":"int24"},{"indexed":false,"internalType":"int256","name":"liquidityDelta","type":"int256"}],"name":"ModifyLiquidity","type":"event"},{"anonymous":false,"inputs":[{"indexed":true,"internalType":"address","name":"owner","type":"address"},{"indexed":true,"internalType":"address","name":"operator","type":"address"},{"indexed":false,"internalType":"bool","name":"approved","type":"bool"}],"name":"OperatorSet","type":"event"},{"anonymous":false,"inputs":[{"indexed":true,"internalType":"address","name":"user","type":"address"},{"indexed":true,"internalType":"address","name":"newOwner","type":"address"}],"name":"OwnershipTransferred","type":"event"},{"anonymous":false,"inputs":[{"indexed":false,"internalType":"address","name":"protocolFeeController","type":"address"}],"name":"ProtocolFeeControllerUpdated","type":"event"},{"anonymous":false,"inputs":[{"indexed":true,"internalType":"PoolId","name":"id","type":"bytes32"},{"indexed":false,"internalType":"uint24","name":"protocolFee","type":"uint24"}],"name":"ProtocolFeeUpdated","type":"event"},{"anonymous":false,"inputs":[{"indexed":true,"internalType":"PoolId","name":"id","type":"bytes32"},{"indexed":false,"internalType":"address","name":"sender","type":"address"},{"indexed":false,"internalType":"int128","name":"amount0","type":"int128"},{"indexed":false,"internalType":"int128","name":"amount1","type":"int128"},{"indexed":false,"internalType":"uint160","name":"sqrtPriceX96","type":"uint160"},{"indexed":false,"internalType":"uint128","name":"liquidity","type":"uint128"},{"indexed":false,"internalType":"int24","name":"tick","type":"int24"},{"indexed":false,"internalType":"uint24","name":"fee","type":"uint24"}],"name":"Swap","type":"event"},{"anonymous":false,"inputs":[{"indexed":false,"internalType":"address","name":"caller","type":"address"},{"indexed":true,"internalType":"address","name":"from","type":"address"},{"indexed":true,"internalType":"address","name":"to","type":"address"},{"indexed":true,"internalType":"uint256","name":"id","type":"uint256"},{"indexed":false,"internalType":"uint256","name":"amount","type":"uint256"}],"name":"Transfer","type":"event"},{"inputs":[],"name":"MAX_TICK_SPACING","outputs":[{"internalType":"int24","name":"","type":"int24"}],"stateMutability":"view","type":"function"},{"inputs":[],"name":"MIN_TICK_SPACING","outputs":[{"internalType":"int24","name":"","type":"int24"}],"stateMutability":"view","type":"function"},{"inputs":[{"internalType":"address","name":"","type":"address"},{"internalType":"address","name":"","type":"address"},{"internalType":"uint256","name":"","type":"uint256"}],"name":"allowance","outputs":[{"internalType":"uint256","name":"","type":"uint256"}],"stateMutability":"view","type":"function"},{"inputs":[{"internalType":"address","name":"spender","type":"address"},{"internalType":"uint256","name":"id","type":"uint256"},{"internalType":"uint256","name":"amount","type":"uint256"}],"name":"approve","outputs":[{"internalType":"bool","name":"","type":"bool"}],"stateMutability":"nonpayable","type":"function"},{"inputs":[{"internalType":"address","name":"","type":"address"},{"internalType":"uint256","name":"","type":"uint256"}],"name":"balanceOf","outputs":[{"internalType":"uint256","name":"","type":"uint256"}],"stateMutability":"view","type":"function"},{"inputs":[{"internalType":"address","name":"from","type":"address"},{"internalType":"uint256","name":"id","type":"uint256"},{"internalType":"uint256","name":"amount","type":"uint256"}],"name":"burn","outputs":[],"stateMutability":"nonpayable","type":"function"},{"inputs":[{"internalType":"address","name":"recipient","type":"address"},{"internalType":"Currency","name":"currency","type":"address"},{"internalType":"uint256","name":"amount","type":"uint256"}],"name":"collectProtocolFees","outputs":[{"internalType":"uint256","name":"amountCollected","type":"uint256"}],"stateMutability":"nonpayable","type":"function"},{"inputs":[{"components":[{"internalType":"Currency","name":"currency0","type":"address"},{"internalType":"Currency","name":"currency1","type":"address"},{"internalType":"uint24","name":"fee","type":"uint24"},{"internalType":"int24","name":"tickSpacing","type":"int24"},{"internalType":"contract IHooks","name":"hooks","type":"address"}],"internalType":"struct PoolKey","name":"key","type":"tuple"},{"internalType":"uint256","name":"amount0","type":"uint256"},{"internalType":"uint256","name":"amount1","type":"uint256"},{"internalType":"bytes","name":"hookData","type":"bytes"}],"name":"donate","outputs":[{"internalType":"BalanceDelta","name":"delta","type":"int256"}],"stateMutability":"nonpayable","type":"function"},{"inputs":[{"internalType":"bytes32","name":"slot","type":"bytes32"}],"name":"extsload","outputs":[{"internalType":"bytes32","name":"","type":"bytes32"}],"stateMutability":"view","type":"function"},{"inputs":[{"internalType":"bytes32","name":"startSlot","type":"bytes32"},{"internalType":"uint256","name":"nSlots","type":"uint256"}],"name":"extsload","outputs":[{"internalType":"bytes","name":"","type":"bytes"}],"stateMutability":"view","type":"function"},{"inputs":[{"internalType":"bytes32[]","name":"slots","type":"bytes32[]"}],"name":"extsload","outputs":[{"internalType":"bytes32[]","name":"","type":"bytes32[]"}],"stateMutability":"view","type":"function"},{"inputs":[{"internalType":"bytes32[]","name":"slots","type":"bytes32[]"}],"name":"exttload","outputs":[{"internalType":"bytes32[]","name":"","type":"bytes32[]"}],"stateMutability":"view","type":"function"},{"inputs":[{"internalType":"bytes32","name":"slot","type":"bytes32"}],"name":"exttload","outputs":[{"internalType":"bytes32","name":"","type":"bytes32"}],"stateMutability":"view","type":"function"},{"inputs":[{"components":[{"internalType":"Currency","name":"currency0","type":"address"},{"internalType":"Currency","name":"currency1","type":"address"},{"internalType":"uint24","name":"fee","type":"uint24"},{"internalType":"int24","name":"tickSpacing","type":"int24"},{"internalType":"contract IHooks","name":"hooks","type":"address"}],"internalType":"struct PoolKey","name":"key","type":"tuple"},{"internalType":"uint160","name":"sqrtPriceX96","type":"uint160"},{"internalType":"bytes","name":"hookData","type":"bytes"}],"name":"initialize","outputs":[{"internalType":"int24","name":"tick","type":"int24"}],"stateMutability":"nonpayable","type":"function"},{"inputs":[{"internalType":"address","name":"","type":"address"},{"internalType":"address","name":"","type":"address"}],"name":"isOperator","outputs":[{"internalType":"bool","name":"","type":"bool"}],"stateMutability":"view","type":"function"},{"inputs":[{"internalType":"address","name":"to","type":"address"},{"internalType":"uint256","name":"id","type":"uint256"},{"internalType":"uint256","name":"amount","type":"uint256"}],"name":"mint","outputs":[],"stateMutability":"nonpayable","type":"function"},{"inputs":[{"components":[{"internalType":"Currency","name":"currency0","type":"address"},{"internalType":"Currency","name":"currency1","type":"address"},{"internalType":"uint24","name":"fee","type":"uint24"},{"internalType":"int24","name":"tickSpacing","type":"int24"},{"internalType":"contract IHooks","name":"hooks","type":"address"}],"internalType":"struct PoolKey","name":"key","type":"tuple"},{"components":[{"internalType":"int24","name":"tickLower","type":"int24"},{"internalType":"int24","name":"tickUpper","type":"int24"},{"internalType":"int256","name":"liquidityDelta","type":"int256"},{"internalType":"bytes32","name":"salt","type":"bytes32"}],"internalType":"struct IPoolManager.ModifyLiquidityParams","name":"params","type":"tuple"},{"internalType":"bytes","name":"hookData","type":"bytes"}],"name":"modifyLiquidity","outputs":[{"internalType":"BalanceDelta","name":"callerDelta","type":"int256"},{"internalType":"BalanceDelta","name":"feesAccrued","type":"int256"}],"stateMutability":"nonpayable","type":"function"},{"inputs":[],"name":"owner","outputs":[{"internalType":"address","name":"","type":"address"}],"stateMutability":"view","type":"function"},{"inputs":[],"name":"protocolFeeController","outputs":[{"internalType":"contract IProtocolFeeController","name":"","type":"address"}],"stateMutability":"view","type":"function"},{"inputs":[{"internalType":"Currency","name":"currency","type":"address"}],"name":"protocolFeesAccrued","outputs":[{"internalType":"uint256","name":"","type":"uint256"}],"stateMutability":"view","type":"function"},{"inputs":[{"internalType":"address","name":"operator","type":"address"},{"internalType":"bool","name":"approved","type":"bool"}],"name":"setOperator","outputs":[{"internalType":"bool","name":"","type":"bool"}],"stateMutability":"nonpayable","type":"function"},{"inputs":[{"components":[{"internalType":"Currency","name":"currency0","type":"address"},{"internalType":"Currency","name":"currency1","type":"address"},{"internalType":"uint24","name":"fee","type":"uint24"},{"internalType":"int24","name":"tickSpacing","type":"int24"},{"internalType":"contract IHooks","name":"hooks","type":"address"}],"internalType":"struct PoolKey","name":"key","type":"tuple"},{"internalType":"uint24","name":"newProtocolFee","type":"uint24"}],"name":"setProtocolFee","outputs":[],"stateMutability":"nonpayable","type":"function"},{"inputs":[{"internalType":"contract IProtocolFeeController","name":"controller","type":"address"}],"name":"setProtocolFeeController","outputs":[],"stateMutability":"nonpayable","type":"function"},{"inputs":[{"internalType":"Currency","name":"currency","type":"address"}],"name":"settle","outputs":[{"internalType":"uint256","name":"paid","type":"uint256"}],"stateMutability":"payable","type":"function"},{"inputs":[{"internalType":"bytes4","name":"interfaceId","type":"bytes4"}],"name":"supportsInterface","outputs":[{"internalType":"bool","name":"","type":"bool"}],"stateMutability":"view","type":"function"},{"inputs":[{"components":[{"internalType":"Currency","name":"currency0","type":"address"},{"internalType":"Currency","name":"currency1","type":"address"},{"internalType":"uint24","name":"fee","type":"uint24"},{"internalType":"int24","name":"tickSpacing","type":"int24"},{"internalType":"contract IHooks","name":"hooks","type":"address"}],"internalType":"struct PoolKey","name":"key","type":"tuple"},{"components":[{"internalType":"bool","name":"zeroForOne","type":"bool"},{"internalType":"int256","name":"amountSpecified","type":"int256"},{"internalType":"uint160","name":"sqrtPriceLimitX96","type":"uint160"}],"internalType":"struct IPoolManager.SwapParams","name":"params","type":"tuple"},{"internalType":"bytes","name":"hookData","type":"bytes"}],"name":"swap","outputs":[{"internalType":"BalanceDelta","name":"swapDelta","type":"int256"}],"stateMutability":"nonpayable","type":"function"},{"inputs":[{"internalType":"Currency","name":"currency","type":"address"}],"name":"sync","outputs":[{"internalType":"uint256","name":"balance","type":"uint256"}],"stateMutability":"nonpayable","type":"function"},{"inputs":[{"internalType":"Currency","name":"currency","type":"address"},{"internalType":"address","name":"to","type":"address"},{"internalType":"uint256","name":"amount","type":"uint256"}],"name":"take","outputs":[],"stateMutability":"nonpayable","type":"function"},{"inputs":[{"internalType":"address","name":"receiver","type":"address"},{"internalType":"uint256","name":"id","type":"uint256"},{"internalType":"uint256","name":"amount","type":"uint256"}],"name":"transfer","outputs":[{"internalType":"bool","name":"","type":"bool"}],"stateMutability":"nonpayable","type":"function"},{"inputs":[{"internalType":"address","name":"sender","type":"address"},{"internalType":"address","name":"receiver","type":"address"},{"internalType":"uint256","name":"id","type":"uint256"},{"internalType":"uint256","name":"amount","type":"uint256"}],"name":"transferFrom","outputs":[{"internalType":"bool","name":"","type":"bool"}],"stateMutability":"nonpayable","type":"function"},{"inputs":[{"internalType":"address","name":"newOwner","type":"address"}],"name":"transferOwnership","outputs":[],"stateMutability":"nonpayable","type":"function"},{"inputs":[{"internalType":"bytes","name":"data","type":"bytes"}],"name":"unlock","outputs":[{"internalType":"bytes","name":"result","type":"bytes"}],"stateMutability":"nonpayable","type":"function"},{"inputs":[{"components":[{"internalType":"Currency","name":"currency0","type":"address"},{"internalType":"Currency","name":"currency1","type":"address"},{"internalType":"uint24","name":"fee","type":"uint24"},{"internalType":"int24","name":"tickSpacing","type":"int24"},{"internalType":"contract IHooks","name":"hooks","type":"address"}],"internalType":"struct PoolKey","name":"key","type":"tuple"},{"internalType":"uint24","name":"newDynamicLPFee","type":"uint24"}],"name":"updateDynamicLPFee","outputs":[],"stateMutability":"nonpayable","type":"function"}]